{
   "results":[
      {
         "gender":"male",
         "name":{
            "title":"mr",
            "first":"eduardo",
            "last":"pena"
         },
         "location":{
            "street":"4341 wheeler ridge dr",
            "city":"cairns",
            "state":"western australia",
            "postcode":6886
         },
         "email":"eduardo.pena@example.com",
         "login":{
            "username":"organicgorilla401",
            "password":"kenneth",
            "salt":"O6gWiSrO",
            "md5":"275e81b348a8f54e8bb67a8c2a152616",
            "sha1":"ba30d9694e3dc6b9600e2b59530267e6619debb1",
            "sha256":"ba8005f69d815f69081ed0bc6521b268a8b86da9f2df6e9d4be2f0b3d24154ad"
         },
         "registered":1178757141,
         "dob":1346989080,
         "phone":"05-2275-0418",
         "cell":"0448-541-163",
         "id":{
            "name":"TFN",
            "value":"939068126"
         },
         "picture":{
            "large":"https://randomuser.me/api/portraits/men/13.jpg",
            "medium":"https://randomuser.me/api/portraits/med/men/13.jpg",
            "thumbnail":"https://randomuser.me/api/portraits/thumb/men/13.jpg"
         },
         "nat":"AU"
      },
      {
         "gender":"female",
         "name":{
            "title":"ms",
            "first":"brooklyn",
            "last":"lee"
         },
         "location":{
            "street":"5150 otipua road",
            "city":"rotorua",
            "state":"manawatu-wanganui",
            "postcode":91133
         },
         "email":"brooklyn.lee@example.com",
         "login":{
            "username":"lazyostrich975",
            "password":"fick",
            "salt":"oIR2HItQ",
            "md5":"b3a57eb79faba029a204a222f4ab60e4",
            "sha1":"a073598288c9c2a59a5dbff822c2bd63844750da",
            "sha256":"3458b2c70d52a4f750a2d1a23c2915758c4ea44ec3288bbe97494e8ff27d489d"
         },
         "registered":1262881107,
         "dob":1186536692,
         "phone":"(500)-003-2724",
         "cell":"(798)-509-1119",
         "id":{
            "name":"",
            "value":null
         },
         "picture":{
            "large":"https://randomuser.me/api/portraits/women/57.jpg",
            "medium":"https://randomuser.me/api/portraits/med/women/57.jpg",
            "thumbnail":"https://randomuser.me/api/portraits/thumb/women/57.jpg"
         },
         "nat":"NZ"
      },
      {
         "gender":"male",
         "name":{
            "title":"monsieur",
            "first":"hector",
            "last":"guillaume"
         },
         "location":{
            "street":"5134 rue de gerland",
            "city":"la conversion",
            "state":"basel-landschaft",
            "postcode":5470
         },
         "email":"hector.guillaume@example.com",
         "login":{
            "username":"crazyrabbit230",
            "password":"guai",
            "salt":"yd2L2wHB",
            "md5":"6b472721713ea52830663cc90fac28ff",
            "sha1":"43e74c8414dcaaf5ee1e4b94d72ee9a3d18a76a4",
            "sha256":"c903d0eda50280290d79eb21debfd76de953733d664816b79e35713dd55db77d"
         },
         "registered":1432509692,
         "dob":61933181,
         "phone":"(323)-735-4099",
         "cell":"(438)-178-2906",
         "id":{
            "name":"AVS",
            "value":"756.HKEK.UYAE.88"
         },
         "picture":{
            "large":"https://randomuser.me/api/portraits/men/68.jpg",
            "medium":"https://randomuser.me/api/portraits/med/men/68.jpg",
            "thumbnail":"https://randomuser.me/api/portraits/thumb/men/68.jpg"
         },
         "nat":"CH"
      },
      {
         "gender":"female",
         "name":{
            "title":"ms",
            "first":"alma",
            "last":"pedersen"
         },
         "location":{
            "street":"1985 brinken",
            "city":"sørvad",
            "state":"hovedstaden",
            "postcode":11612
         },
         "email":"alma.pedersen@example.com",
         "login":{
            "username":"purplelion715",
            "password":"claudio",
            "salt":"lOIbvMkk",
            "md5":"ad5172c13b799c19f13f459e6d17238e",
            "sha1":"edc7a3d79616891bb54139062585ac29fad176a2",
            "sha256":"add7afde9a38e1aa512f8aac9f683ff3daf5bd9bedf7515de291b2e1111f2452"
         },
         "registered":1006668175,
         "dob":1039500972,
         "phone":"90026424",
         "cell":"64654898",
         "id":{
            "name":"CPR",
            "value":"580110-2284"
         },
         "picture":{
            "large":"https://randomuser.me/api/portraits/women/22.jpg",
            "medium":"https://randomuser.me/api/portraits/med/women/22.jpg",
            "thumbnail":"https://randomuser.me/api/portraits/thumb/women/22.jpg"
         },
         "nat":"DK"
      },
      {
         "gender":"male",
         "name":{
            "title":"mr",
            "first":"alexander",
            "last":"zhang"
         },
         "location":{
            "street":"2363 ellerslie-panmure highway",
            "city":"dunedin",
            "state":"manawatu-wanganui",
            "postcode":54684
         },
         "email":"alexander.zhang@example.com",
         "login":{
            "username":"organicpeacock385",
            "password":"goblin",
            "salt":"X15iuE5D",
            "md5":"5b8ac58d879a8e13fca0334b36a3ff3a",
            "sha1":"f3c1a2a5a07cb4008494475d45d726b41397660e",
            "sha256":"4a2226075a798986af7d66a78d2756f3912dd0c19027d9e84c691ab6b7711f28"
         },
         "registered":1311239749,
         "dob":698466038,
         "phone":"(207)-383-7977",
         "cell":"(601)-723-5315",
         "id":{
            "name":"",
            "value":null
         },
         "picture":{
            "large":"https://randomuser.me/api/portraits/men/7.jpg",
            "medium":"https://randomuser.me/api/portraits/med/men/7.jpg",
            "thumbnail":"https://randomuser.me/api/portraits/thumb/men/7.jpg"
         },
         "nat":"NZ"
      },
      {
         "gender":"male",
         "name":{
            "title":"mr",
            "first":"pascal",
            "last":"john"
         },
         "location":{
            "street":"8845 gartenweg",
            "city":"märkisch-oderland",
            "state":"rheinland-pfalz",
            "postcode":39307
         },
         "email":"pascal.john@example.com",
         "login":{
            "username":"beautifulcat197",
            "password":"star69",
            "salt":"UZ0UC65n",
            "md5":"859451fb369cb33de3091e08947ab7ff",
            "sha1":"888b725662e841a44651f7c73aaa5fc27c40983b",
            "sha256":"9828932687e0be164eae24eed796552211ff5768ae82d896431a3de296fb8afd"
         },
         "registered":1161294361,
         "dob":791882495,
         "phone":"0105-8171120",
         "cell":"0179-9583076",
         "id":{
            "name":"",
            "value":null
         },
         "picture":{
            "large":"https://randomuser.me/api/portraits/men/70.jpg",
            "medium":"https://randomuser.me/api/portraits/med/men/70.jpg",
            "thumbnail":"https://randomuser.me/api/portraits/thumb/men/70.jpg"
         },
         "nat":"DE"
      },
      {
         "gender":"male",
         "name":{
            "title":"mr",
            "first":"shawn",
            "last":"hill"
         },
         "location":{
            "street":"3886 timber wolf trail",
            "city":"amarillo",
            "state":"virginia",
            "postcode":65760
         },
         "email":"shawn.hill@example.com",
         "login":{
            "username":"purplepeacock863",
            "password":"cactus",
            "salt":"Iys42bvi",
            "md5":"7a01b7e7235fabe6233e3b54e1f8e110",
            "sha1":"70c150d270909b1da07bd12cc4d0f6122bb2b508",
            "sha256":"efdd6d387998d5a99e26f33d686f963635ba74ba4d455d79767a863c9f3b8443"
         },
         "registered":1155882555,
         "dob":450445443,
         "phone":"(138)-399-6353",
         "cell":"(605)-857-6765",
         "id":{
            "name":"SSN",
            "value":"802-25-8223"
         },
         "picture":{
            "large":"https://randomuser.me/api/portraits/men/12.jpg",
            "medium":"https://randomuser.me/api/portraits/med/men/12.jpg",
            "thumbnail":"https://randomuser.me/api/portraits/thumb/men/12.jpg"
         },
         "nat":"US"
      },
      {
         "gender":"female",
         "name":{
            "title":"mrs",
            "first":"deann",
            "last":"lane"
         },
         "location":{
            "street":"200 hamilton ave",
            "city":"bathurst",
            "state":"tasmania",
            "postcode":8657
         },
         "email":"deann.lane@example.com",
         "login":{
            "username":"whitebird269",
            "password":"journey",
            "salt":"q6kdwYCP",
            "md5":"eae35225c856b949b506a09327b6dc9d",
            "sha1":"e384955f38496c1a5607b9c3d5b413714150768d",
            "sha256":"a4436d8dbdb540314b1d0a204009487cf69483917c9c0c3568cb9330e2c793d0"
         },
         "registered":1051283236,
         "dob":1273110987,
         "phone":"05-3157-8130",
         "cell":"0460-741-634",
         "id":{
            "name":"TFN",
            "value":"994300340"
         },
         "picture":{
            "large":"https://randomuser.me/api/portraits/women/75.jpg",
            "medium":"https://randomuser.me/api/portraits/med/women/75.jpg",
            "thumbnail":"https://randomuser.me/api/portraits/thumb/women/75.jpg"
         },
         "nat":"AU"
      },
      {
         "gender":"male",
         "name":{
            "title":"mr",
            "first":"levi",
            "last":"zhang"
         },
         "location":{
            "street":"2715 lambton quay",
            "city":"gisborne",
            "state":"waikato",
            "postcode":79392
         },
         "email":"levi.zhang@example.com",
         "login":{
            "username":"ticklishelephant237",
            "password":"seahawks",
            "salt":"BR9I1MsP",
            "md5":"790430f37e88552084c7e91c4c855438",
            "sha1":"b4cb2ecda598d5451e57799fdc43000e5acdcdbb",
            "sha256":"1850abed27af538a894afced7b36b8f9506ed393f1e308962ada161c8bde9b81"
         },
         "registered":1135992904,
         "dob":1269908806,
         "phone":"(783)-586-0854",
         "cell":"(502)-886-6923",
         "id":{
            "name":"",
            "value":null
         },
         "picture":{
            "large":"https://randomuser.me/api/portraits/men/5.jpg",
            "medium":"https://randomuser.me/api/portraits/med/men/5.jpg",
            "thumbnail":"https://randomuser.me/api/portraits/thumb/men/5.jpg"
         },
         "nat":"NZ"
      },
      {
         "gender":"female",
         "name":{
            "title":"miss",
            "first":"mélody",
            "last":"lemoine"
         },
         "location":{
            "street":"2331 rue du moulin",
            "city":"versailles",
            "state":"yvelines",
            "postcode":11487
         },
         "email":"mélody.lemoine@example.com",
         "login":{
            "username":"tinyduck935",
            "password":"ming",
            "salt":"qr3aXA3s",
            "md5":"53eff9cab2cd7f8f3713d77ee3281894",
            "sha1":"878eeaabc49c7dcae429b6df3bb8604f20ee5083",
            "sha256":"7d2b7852446c5e678c2d587359008a0273c647d6e0c09ac9f753825f574e285f"
         },
         "registered":1365400786,
         "dob":1286555446,
         "phone":"03-44-72-55-77",
         "cell":"06-53-92-22-41",
         "id":{
            "name":"INSEE",
            "value":"210932687587 60"
         },
         "picture":{
            "large":"https://randomuser.me/api/portraits/women/50.jpg",
            "medium":"https://randomuser.me/api/portraits/med/women/50.jpg",
            "thumbnail":"https://randomuser.me/api/portraits/thumb/women/50.jpg"
         },
         "nat":"FR"
      },
      {
         "gender":"female",
         "name":{
            "title":"ms",
            "first":"gonca",
            "last":"hakyemez"
         },
         "location":{
            "street":"4618 istiklal cd",
            "city":"ardahan",
            "state":"ankara",
            "postcode":83143
         },
         "email":"gonca.hakyemez@example.com",
         "login":{
            "username":"organicostrich329",
            "password":"hopeful",
            "salt":"SRDUFGrK",
            "md5":"03e187dfa3f8b9627dee95b944582a91",
            "sha1":"d735326577842c20cb36701c7e6e7d2690d47e51",
            "sha256":"2973152e66571714e8210cd084b65dba3c8448f959ae5e70ef90a852f1cef0b9"
         },
         "registered":1095371121,
         "dob":960890303,
         "phone":"(831)-305-1874",
         "cell":"(958)-585-7122",
         "id":{
            "name":"",
            "value":null
         },
         "picture":{
            "large":"https://randomuser.me/api/portraits/women/44.jpg",
            "medium":"https://randomuser.me/api/portraits/med/women/44.jpg",
            "thumbnail":"https://randomuser.me/api/portraits/thumb/women/44.jpg"
         },
         "nat":"TR"
      },
      {
         "gender":"female",
         "name":{
            "title":"miss",
            "first":"barbie",
            "last":"moura"
         },
         "location":{
            "street":"7145 rua piauí ",
            "city":"caucaia",
            "state":"tocantins",
            "postcode":93882
         },
         "email":"barbie.moura@example.com",
         "login":{
            "username":"whitegorilla646",
            "password":"iforget",
            "salt":"RQE0ttQM",
            "md5":"975196b26239dccfa6b89cfeabf677d2",
            "sha1":"3d3e024ceac9ecc0c402f5cacadd2ebb89d0f84e",
            "sha256":"1b619d075dbf21dfef6b9a448f01e2e2094303934b8f1fa210f10469ac71f0c0"
         },
         "registered":1232144529,
         "dob":42586378,
         "phone":"(07) 8429-6616",
         "cell":"(80) 4633-5880",
         "id":{
            "name":"",
            "value":null
         },
         "picture":{
            "large":"https://randomuser.me/api/portraits/women/55.jpg",
            "medium":"https://randomuser.me/api/portraits/med/women/55.jpg",
            "thumbnail":"https://randomuser.me/api/portraits/thumb/women/55.jpg"
         },
         "nat":"BR"
      },
      {
         "gender":"female",
         "name":{
            "title":"ms",
            "first":"maria",
            "last":"pedersen"
         },
         "location":{
            "street":"7456 maglehøjvej",
            "city":"jystrup",
            "state":"sjælland",
            "postcode":25508
         },
         "email":"maria.pedersen@example.com",
         "login":{
            "username":"greensnake472",
            "password":"pianoman",
            "salt":"B3TTR4C4",
            "md5":"9981c21bb00b38a8de32fa88fdc17bcb",
            "sha1":"2653eb8edccddff5f3feb738a1cb0b2940a395f4",
            "sha256":"227660a435cf401d056878f0b241649ef939ecd3b746800849b749ba0c3d3b6f"
         },
         "registered":1178297455,
         "dob":958949509,
         "phone":"17981623",
         "cell":"71058824",
         "id":{
            "name":"CPR",
            "value":"688070-9906"
         },
         "picture":{
            "large":"https://randomuser.me/api/portraits/women/30.jpg",
            "medium":"https://randomuser.me/api/portraits/med/women/30.jpg",
            "thumbnail":"https://randomuser.me/api/portraits/thumb/women/30.jpg"
         },
         "nat":"DK"
      },
      {
         "gender":"male",
         "name":{
            "title":"mr",
            "first":"cameron",
            "last":"carpenter"
         },
         "location":{
            "street":"3122 w 6th st",
            "city":"tyler",
            "state":"south carolina",
            "postcode":12667
         },
         "email":"cameron.carpenter@example.com",
         "login":{
            "username":"tinyladybug650",
            "password":"turkey",
            "salt":"CZ3GiYxw",
            "md5":"a0ee3849574dd87ec037f0c21fd1cf6f",
            "sha1":"181269c773448a7168de83ff3145d7816e1c1636",
            "sha256":"8c13796fc382b412aedd845a2e7ce9e6c723dc4aa08763bc988f0c9bce9c8bb0"
         },
         "registered":1125120236,
         "dob":1237980708,
         "phone":"(709)-063-4063",
         "cell":"(871)-511-4334",
         "id":{
            "name":"SSN",
            "value":"366-84-3945"
         },
         "picture":{
            "large":"https://randomuser.me/api/portraits/men/84.jpg",
            "medium":"https://randomuser.me/api/portraits/med/men/84.jpg",
            "thumbnail":"https://randomuser.me/api/portraits/thumb/men/84.jpg"
         },
         "nat":"US"
      },
      {
         "gender":"female",
         "name":{
            "title":"ms",
            "first":"mackenzie",
            "last":"davies"
         },
         "location":{
            "street":"1296 hillsborough road",
            "city":"tauranga",
            "state":"west coast",
            "postcode":37234
         },
         "email":"mackenzie.davies@example.com",
         "login":{
            "username":"browntiger587",
            "password":"windmill",
            "salt":"ptO3iL0L",
            "md5":"0630cbba9c4d388363e682ebefbea648",
            "sha1":"270def865f17c1ce0dd54c6e6ed9eda2988f391a",
            "sha256":"8771039a12e2d05621509e6a62d8eb82170a9db29c67b66ec13add7eccbf358e"
         },
         "registered":1406136647,
         "dob":928417344,
         "phone":"(679)-882-8284",
         "cell":"(634)-745-6766",
         "id":{
            "name":"",
            "value":null
         },
         "picture":{
            "large":"https://randomuser.me/api/portraits/women/19.jpg",
            "medium":"https://randomuser.me/api/portraits/med/women/19.jpg",
            "thumbnail":"https://randomuser.me/api/portraits/thumb/women/19.jpg"
         },
         "nat":"NZ"
      },
      {
         "gender":"male",
         "name":{
            "title":"monsieur",
            "first":"luka",
            "last":"gonzalez"
         },
         "location":{
            "street":"5206 rue dumenge",
            "city":"lausanne adm cant vd",
            "state":"valais",
            "postcode":4822
         },
         "email":"luka.gonzalez@example.com",
         "login":{
            "username":"bigcat786",
            "password":"3131",
            "salt":"Eu9WmUN8",
            "md5":"278e8a0386cb5bc4cd0159eaa7501dbe",
            "sha1":"84eb76f476d1197ca115b47ed71dd28d84fe182c",
            "sha256":"32f28a5c77310c583144aabc3b802d8aa81af39a21658eae553e9efd3b282e13"
         },
         "registered":1430497858,
         "dob":1198318480,
         "phone":"(217)-751-0919",
         "cell":"(054)-945-1421",
         "id":{
            "name":"AVS",
            "value":"756.HIZF.ZOJU.24"
         },
         "picture":{
            "large":"https://randomuser.me/api/portraits/men/62.jpg",
            "medium":"https://randomuser.me/api/portraits/med/men/62.jpg",
            "thumbnail":"https://randomuser.me/api/portraits/thumb/men/62.jpg"
         },
         "nat":"CH"
      },
      {
         "gender":"female",
         "name":{
            "title":"mrs",
            "first":"neuci",
            "last":"costa"
         },
         "location":{
            "street":"4281 rua paraíba ",
            "city":"são leopoldo",
            "state":"rio de janeiro",
            "postcode":10597
         },
         "email":"neuci.costa@example.com",
         "login":{
            "username":"heavycat608",
            "password":"abnormal",
            "salt":"KGjIYsRQ",
            "md5":"d43364ed24c0b7eedb8ad0b073765996",
            "sha1":"e2acce591ddd097931f75c83b5aa41fdf466c905",
            "sha256":"27b603ea8a950dda11165eb0cdeddec15ed080a8817a0b2c3e577f0f47648424"
         },
         "registered":1126039533,
         "dob":466050338,
         "phone":"(32) 1381-8959",
         "cell":"(84) 5957-1290",
         "id":{
            "name":"",
            "value":null
         },
         "picture":{
            "large":"https://randomuser.me/api/portraits/women/29.jpg",
            "medium":"https://randomuser.me/api/portraits/med/women/29.jpg",
            "thumbnail":"https://randomuser.me/api/portraits/thumb/women/29.jpg"
         },
         "nat":"BR"
      },
      {
         "gender":"female",
         "name":{
            "title":"miss",
            "first":"rocio",
            "last":"prieto"
         },
         "location":{
            "street":"3347 calle del arenal",
            "city":"pozuelo de alarcón",
            "state":"melilla",
            "postcode":56474
         },
         "email":"rocio.prieto@example.com",
         "login":{
            "username":"heavyswan153",
            "password":"fowler",
            "salt":"OFUgvyIn",
            "md5":"c066e4abc6658ca3a45829b4ba31962d",
            "sha1":"a10366d72ac6d2aaad0311643cf38b4df36e48ab",
            "sha256":"0215ac460fc2a4e20f7e462238d00ac87829ef711afb9a19ae4f6cde91b109fb"
         },
         "registered":1176406105,
         "dob":1185888024,
         "phone":"946-007-168",
         "cell":"608-943-254",
         "id":{
            "name":"DNI",
            "value":"55299933-M"
         },
         "picture":{
            "large":"https://randomuser.me/api/portraits/women/42.jpg",
            "medium":"https://randomuser.me/api/portraits/med/women/42.jpg",
            "thumbnail":"https://randomuser.me/api/portraits/thumb/women/42.jpg"
         },
         "nat":"ES"
      },
      {
         "gender":"female",
         "name":{
            "title":"miss",
            "first":"lucy",
            "last":"lawrence"
         },
         "location":{
            "street":"5949 mockingbird ln",
            "city":"traralgon",
            "state":"south australia",
            "postcode":8047
         },
         "email":"lucy.lawrence@example.com",
         "login":{
            "username":"purplegoose122",
            "password":"ou8123",
            "salt":"kAHyhjTh",
            "md5":"84b2253c8227d7d27ab38d3e5942b878",
            "sha1":"650b4bb572dca9542babf11d8a5ac6d49ab68267",
            "sha256":"f15d34ec722a34e6fd2dce0a4a3557120b46906389bd76a2e4067df4afd43838"
         },
         "registered":1168543619,
         "dob":1376619270,
         "phone":"09-3924-6461",
         "cell":"0476-233-800",
         "id":{
            "name":"TFN",
            "value":"452541800"
         },
         "picture":{
            "large":"https://randomuser.me/api/portraits/women/59.jpg",
            "medium":"https://randomuser.me/api/portraits/med/women/59.jpg",
            "thumbnail":"https://randomuser.me/api/portraits/thumb/women/59.jpg"
         },
         "nat":"AU"
      },
      {
         "gender":"male",
         "name":{
            "title":"mr",
            "first":"emre",
            "last":"kumcuoğlu"
         },
         "location":{
            "street":"9858 necatibey cd",
            "city":"iğdır",
            "state":"antalya",
            "postcode":60189
         },
         "email":"emre.kumcuoğlu@example.com",
         "login":{
            "username":"purpleduck399",
            "password":"ou8123",
            "salt":"eCzK4pMZ",
            "md5":"cb7cdc245eef22327d03cc974b0b3ad0",
            "sha1":"36a76addf2ee3124c10b92a970c45e74cd8bdbe5",
            "sha256":"29962cfaf24149e9ffa76db24bf5d111fa9a4345b2e6658635af06a0eda52ed3"
         },
         "registered":1049991499,
         "dob":969605316,
         "phone":"(259)-118-9566",
         "cell":"(656)-726-5849",
         "id":{
            "name":"",
            "value":null
         },
         "picture":{
            "large":"https://randomuser.me/api/portraits/men/40.jpg",
            "medium":"https://randomuser.me/api/portraits/med/men/40.jpg",
            "thumbnail":"https://randomuser.me/api/portraits/thumb/men/40.jpg"
         },
         "nat":"TR"
      },
      {
         "gender":"male",
         "name":{
            "title":"mr",
            "first":"بنیامین",
            "last":"کوتی"
         },
         "location":{
            "street":"3194 شهید مطهری",
            "city":"مشهد",
            "state":"کرمانشاه",
            "postcode":18679
         },
         "email":"بنیامین.کوتی@example.com",
         "login":{
            "username":"goldendog349",
            "password":"natasha",
            "salt":"KoS701PD",
            "md5":"0e19c83f75e220f86bd372c43d93ecec",
            "sha1":"2642b9f89f92bec1604233eaa23950cfc14e38ab",
            "sha256":"6f996ae741f86e0d267c12d606e85bf23c884c9a3cc7839a2455587709950330"
         },
         "registered":1332821960,
         "dob":764946933,
         "phone":"040-81239015",
         "cell":"0997-715-3022",
         "id":{
            "name":"",
            "value":null
         },
         "picture":{
            "large":"https://randomuser.me/api/portraits/men/63.jpg",
            "medium":"https://randomuser.me/api/portraits/med/men/63.jpg",
            "thumbnail":"https://randomuser.me/api/portraits/thumb/men/63.jpg"
         },
         "nat":"IR"
      },
      {
         "gender":"female",
         "name":{
            "title":"mrs",
            "first":"emily",
            "last":"thomsen"
         },
         "location":{
            "street":"7429 æblevej",
            "city":"aarhus",
            "state":"sjælland",
            "postcode":62233
         },
         "email":"emily.thomsen@example.com",
         "login":{
            "username":"redgorilla553",
            "password":"clayton",
            "salt":"FuiphQyI",
            "md5":"35f7395fcdfe9db4df54c5b2de9b2b9e",
            "sha1":"63794b078d748c4eb67da2ac0d53eda41685be55",
            "sha256":"f6313ac52a218d0cc9c4348f85203dbcc99638f727d15f9fd10becd98de4076c"
         },
         "registered":1002871777,
         "dob":581706201,
         "phone":"75241356",
         "cell":"50897342",
         "id":{
            "name":"CPR",
            "value":"405204-7692"
         },
         "picture":{
            "large":"https://randomuser.me/api/portraits/women/57.jpg",
            "medium":"https://randomuser.me/api/portraits/med/women/57.jpg",
            "thumbnail":"https://randomuser.me/api/portraits/thumb/women/57.jpg"
         },
         "nat":"DK"
      },
      {
         "gender":"female",
         "name":{
            "title":"ms",
            "first":"esma",
            "last":"taşlı"
         },
         "location":{
            "street":"7592 necatibey cd",
            "city":"kırklareli",
            "state":"çanakkale",
            "postcode":97876
         },
         "email":"esma.taşlı@example.com",
         "login":{
            "username":"purpledog649",
            "password":"chestnut",
            "salt":"GL7SS3uG",
            "md5":"1c6a1317e2f5b5089ca88ed0cde46fb5",
            "sha1":"ac1e70b81ae421f67830906c52da07f41bc9f907",
            "sha256":"a44d2cfba17505e2c516a225c531e97df65e8b2d148f43f9cab1e9fa0854276d"
         },
         "registered":1314097355,
         "dob":1105116399,
         "phone":"(333)-985-7747",
         "cell":"(795)-814-7745",
         "id":{
            "name":"",
            "value":null
         },
         "picture":{
            "large":"https://randomuser.me/api/portraits/women/41.jpg",
            "medium":"https://randomuser.me/api/portraits/med/women/41.jpg",
            "thumbnail":"https://randomuser.me/api/portraits/thumb/women/41.jpg"
         },
         "nat":"TR"
      },
      {
         "gender":"male",
         "name":{
            "title":"mr",
            "first":"raul",
            "last":"garrett"
         },
         "location":{
            "street":"4964 stevens creek blvd",
            "city":"round rock",
            "state":"california",
            "postcode":95290
         },
         "email":"raul.garrett@example.com",
         "login":{
            "username":"greenkoala254",
            "password":"maria1",
            "salt":"wU9OGS9p",
            "md5":"efbf51bc5bc3c720786360c35336c378",
            "sha1":"f85fd7d47b6024f9a2a84224ee005e9d2a9367d7",
            "sha256":"8d3f3717a21cba13af6dcab4462ab29faa4b1e183b0eb966ddeba920a4e5f05f"
         },
         "registered":1375791126,
         "dob":283515950,
         "phone":"(799)-523-1827",
         "cell":"(819)-371-8646",
         "id":{
            "name":"SSN",
            "value":"189-82-5334"
         },
         "picture":{
            "large":"https://randomuser.me/api/portraits/men/42.jpg",
            "medium":"https://randomuser.me/api/portraits/med/men/42.jpg",
            "thumbnail":"https://randomuser.me/api/portraits/thumb/men/42.jpg"
         },
         "nat":"US"
      },
      {
         "gender":"female",
         "name":{
            "title":"miss",
            "first":"lucy",
            "last":"bernard"
         },
         "location":{
            "street":"8505 rue de la baleine",
            "city":"vitry-sur-seine",
            "state":"haut-rhin",
            "postcode":60534
         },
         "email":"lucy.bernard@example.com",
         "login":{
            "username":"ticklishgoose260",
            "password":"serious",
            "salt":"DLrlKZOn",
            "md5":"5065b18f21e521a4fb6719f6b40306fd",
            "sha1":"8c5ae77ec18ffe337672c5fdd286df4e32f7162c",
            "sha256":"768cffedfa5e6bb231c67229133db670058337e83bda32be754f6034ceb3178c"
         },
         "registered":1080766534,
         "dob":1189180421,
         "phone":"02-56-73-79-35",
         "cell":"06-44-72-07-87",
         "id":{
            "name":"INSEE",
            "value":"207863274835 84"
         },
         "picture":{
            "large":"https://randomuser.me/api/portraits/women/43.jpg",
            "medium":"https://randomuser.me/api/portraits/med/women/43.jpg",
            "thumbnail":"https://randomuser.me/api/portraits/thumb/women/43.jpg"
         },
         "nat":"FR"
      },
      {
         "gender":"male",
         "name":{
            "title":"mr",
            "first":"joaquin",
            "last":"morales"
         },
         "location":{
            "street":"9350 calle de tetuán",
            "city":"lorca",
            "state":"melilla",
            "postcode":75220
         },
         "email":"joaquin.morales@example.com",
         "login":{
            "username":"bluepeacock743",
            "password":"heather1",
            "salt":"BIk4oFe4",
            "md5":"5c37de2b5f041655f178b47b9ebfb1b2",
            "sha1":"1b660a28e94d27bfff5d4409f1c637c19ad52fb7",
            "sha256":"812218aff27ee560505b9be18e599ca8a24bc40ca1e111a214f712c7de1e446c"
         },
         "registered":1155465989,
         "dob":750583546,
         "phone":"919-440-109",
         "cell":"663-313-790",
         "id":{
            "name":"DNI",
            "value":"24246708-I"
         },
         "picture":{
            "large":"https://randomuser.me/api/portraits/men/77.jpg",
            "medium":"https://randomuser.me/api/portraits/med/men/77.jpg",
            "thumbnail":"https://randomuser.me/api/portraits/thumb/men/77.jpg"
         },
         "nat":"ES"
      },
      {
         "gender":"male",
         "name":{
            "title":"mr",
            "first":"mustafa",
            "last":"ertürk"
         },
         "location":{
            "street":"8957 doktorlar cd",
            "city":"nevşehir",
            "state":"ordu",
            "postcode":21175
         },
         "email":"mustafa.ertürk@example.com",
         "login":{
            "username":"organicbutterfly320",
            "password":"chuckie",
            "salt":"L0R2y4jv",
            "md5":"39eb22c59e192e8824efbd224e4f5f50",
            "sha1":"8f5b39fe484bc9b96d5d6fc70b377f7c182f2a6e",
            "sha256":"40e3b81c033c691d958116a020ce875bcaa3087bd7d010be12d7ab5fe09f54c3"
         },
         "registered":1395779723,
         "dob":1108719773,
         "phone":"(801)-495-3980",
         "cell":"(764)-547-9521",
         "id":{
            "name":"",
            "value":null
         },
         "picture":{
            "large":"https://randomuser.me/api/portraits/men/20.jpg",
            "medium":"https://randomuser.me/api/portraits/med/men/20.jpg",
            "thumbnail":"https://randomuser.me/api/portraits/thumb/men/20.jpg"
         },
         "nat":"TR"
      },
      {
         "gender":"male",
         "name":{
            "title":"mr",
            "first":"farley",
            "last":"van den boorn"
         },
         "location":{
            "street":"1356 croesestraat",
            "city":"rozendaal",
            "state":"groningen",
            "postcode":38922
         },
         "email":"farley.vanden boorn@example.com",
         "login":{
            "username":"whiteduck484",
            "password":"rich",
            "salt":"7QpZx20O",
            "md5":"b69e5c6f836ee3694d863a7250b7ba07",
            "sha1":"de362e3f2d59200e29967f82710db665b03129ba",
            "sha256":"b2ef88ba66cd6e575df0ae181b890b5694ef589600c0d1860376cae27573d56c"
         },
         "registered":1387132116,
         "dob":1186406201,
         "phone":"(082)-963-7101",
         "cell":"(900)-287-7162",
         "id":{
            "name":"BSN",
            "value":"55227573"
         },
         "picture":{
            "large":"https://randomuser.me/api/portraits/men/47.jpg",
            "medium":"https://randomuser.me/api/portraits/med/men/47.jpg",
            "thumbnail":"https://randomuser.me/api/portraits/thumb/men/47.jpg"
         },
         "nat":"NL"
      },
      {
         "gender":"male",
         "name":{
            "title":"mr",
            "first":"sebastian",
            "last":"johnson"
         },
         "location":{
            "street":"3733 wainoni road",
            "city":"dunedin",
            "state":"hawke's bay",
            "postcode":74731
         },
         "email":"sebastian.johnson@example.com",
         "login":{
            "username":"lazypeacock407",
            "password":"wildone",
            "salt":"PbmkWBhL",
            "md5":"1379fdc8103569fcdc7efb35159654fb",
            "sha1":"11a3bab23fcf624fd710d5e0fc8f1367c38b2faf",
            "sha256":"05bda0918a8a522a7290c02fdf51bf9c815d908f04ca736ffdaee2f64ffee2a9"
         },
         "registered":1362603089,
         "dob":1301137214,
         "phone":"(669)-103-4489",
         "cell":"(937)-733-0259",
         "id":{
            "name":"",
            "value":null
         },
         "picture":{
            "large":"https://randomuser.me/api/portraits/men/87.jpg",
            "medium":"https://randomuser.me/api/portraits/med/men/87.jpg",
            "thumbnail":"https://randomuser.me/api/portraits/thumb/men/87.jpg"
         },
         "nat":"NZ"
      },
      {
         "gender":"female",
         "name":{
            "title":"mrs",
            "first":"peggy",
            "last":"harper"
         },
         "location":{
            "street":"1298 w gray st",
            "city":"dubbo",
            "state":"tasmania",
            "postcode":7903
         },
         "email":"peggy.harper@example.com",
         "login":{
            "username":"smallmouse626",
            "password":"walnut",
            "salt":"C5ABwLpt",
            "md5":"171dca591ae7cd06e87064d988b7d9c9",
            "sha1":"0a0fbc8a22c1b81c84078cef34c18b23c3723016",
            "sha256":"44754ef04caa2f1b6219758037a99301752abae9dd00f874563e1095b6ca30b3"
         },
         "registered":1120822657,
         "dob":458636006,
         "phone":"03-9174-1091",
         "cell":"0422-803-974",
         "id":{
            "name":"TFN",
            "value":"210375801"
         },
         "picture":{
            "large":"https://randomuser.me/api/portraits/women/73.jpg",
            "medium":"https://randomuser.me/api/portraits/med/women/73.jpg",
            "thumbnail":"https://randomuser.me/api/portraits/thumb/women/73.jpg"
         },
         "nat":"AU"
      },
      {
         "gender":"female",
         "name":{
            "title":"ms",
            "first":"begüm",
            "last":"erbay"
         },
         "location":{
            "street":"3015 maçka cd",
            "city":"kastamonu",
            "state":"hatay",
            "postcode":28717
         },
         "email":"begüm.erbay@example.com",
         "login":{
            "username":"tinyostrich267",
            "password":"mandy1",
            "salt":"0Xa4PJKV",
            "md5":"4770704c42b2835c2351180c9558f0cc",
            "sha1":"204e4ac737039039c10c5a95eb40cbdd268e9ebc",
            "sha256":"6074da96a21951f10a88ede970fd6cac07788bf140e077e09fb8713af2553673"
         },
         "registered":959783775,
         "dob":1423181887,
         "phone":"(522)-298-9437",
         "cell":"(986)-604-3834",
         "id":{
            "name":"",
            "value":null
         },
         "picture":{
            "large":"https://randomuser.me/api/portraits/women/53.jpg",
            "medium":"https://randomuser.me/api/portraits/med/women/53.jpg",
            "thumbnail":"https://randomuser.me/api/portraits/thumb/women/53.jpg"
         },
         "nat":"TR"
      },
      {
         "gender":"female",
         "name":{
            "title":"ms",
            "first":"آرمیتا",
            "last":"کریمی"
         },
         "location":{
            "street":"4860 شهید آرش مهر",
            "city":"قائم‌شهر",
            "state":"آذربایجان شرقی",
            "postcode":15867
         },
         "email":"آرمیتا.کریمی@example.com",
         "login":{
            "username":"whitemouse279",
            "password":"catch22",
            "salt":"TEf1bp2F",
            "md5":"460fde29286a68abb1051b9f0ebfdc00",
            "sha1":"f2e400fa68cbbbabfe8e1c7d96a9ab5d6d9c012c",
            "sha256":"a9091aced25d12db629a4558af9d6b04c29929adee890c2c3e45c5739ced19ea"
         },
         "registered":1206983856,
         "dob":58222866,
         "phone":"000-24923056",
         "cell":"0980-753-6229",
         "id":{
            "name":"",
            "value":null
         },
         "picture":{
            "large":"https://randomuser.me/api/portraits/women/82.jpg",
            "medium":"https://randomuser.me/api/portraits/med/women/82.jpg",
            "thumbnail":"https://randomuser.me/api/portraits/thumb/women/82.jpg"
         },
         "nat":"IR"
      },
      {
         "gender":"female",
         "name":{
            "title":"miss",
            "first":"arlene",
            "last":"anderson"
         },
         "location":{
            "street":"116 valwood pkwy",
            "city":"mackay",
            "state":"western australia",
            "postcode":8015
         },
         "email":"arlene.anderson@example.com",
         "login":{
            "username":"redtiger571",
            "password":"playoffs",
            "salt":"NvQnn0TK",
            "md5":"93641fd6db890ffc8297e11d0468f670",
            "sha1":"fb0d2ee455de90b4246d436a1f80ff4e5061c7f0",
            "sha256":"6ca2da32f4a0ff372fe86dfa8454b94fe7a80893bd3f9ee501ff96914548f6c5"
         },
         "registered":1198114636,
         "dob":968470260,
         "phone":"04-6219-3525",
         "cell":"0425-192-053",
         "id":{
            "name":"TFN",
            "value":"972069970"
         },
         "picture":{
            "large":"https://randomuser.me/api/portraits/women/67.jpg",
            "medium":"https://randomuser.me/api/portraits/med/women/67.jpg",
            "thumbnail":"https://randomuser.me/api/portraits/thumb/women/67.jpg"
         },
         "nat":"AU"
      },
      {
         "gender":"female",
         "name":{
            "title":"ms",
            "first":"latife",
            "last":"okumuş"
         },
         "location":{
            "street":"2409 şehitler cd",
            "city":"mersin",
            "state":"giresun",
            "postcode":88225
         },
         "email":"latife.okumuş@example.com",
         "login":{
            "username":"tinyfish715",
            "password":"babylove",
            "salt":"pv5NZncM",
            "md5":"e2ec6d658e74873a89f3350406f88fd8",
            "sha1":"ea4f3009dad6a33d52ade949e0f0e01c7c050b0e",
            "sha256":"67df5a77b5283136825f40ed0cff45f50206f9b617fc7c47e17708b5ddd01a31"
         },
         "registered":1226344702,
         "dob":523545628,
         "phone":"(663)-686-0838",
         "cell":"(938)-133-8009",
         "id":{
            "name":"",
            "value":null
         },
         "picture":{
            "large":"https://randomuser.me/api/portraits/women/3.jpg",
            "medium":"https://randomuser.me/api/portraits/med/women/3.jpg",
            "thumbnail":"https://randomuser.me/api/portraits/thumb/women/3.jpg"
         },
         "nat":"TR"
      },
      {
         "gender":"male",
         "name":{
            "title":"monsieur",
            "first":"alex",
            "last":"fleury"
         },
         "location":{
            "street":"7085 rue abel",
            "city":"cully",
            "state":"schaffhausen",
            "postcode":8383
         },
         "email":"alex.fleury@example.com",
         "login":{
            "username":"organicswan296",
            "password":"yyyyyyy",
            "salt":"BcDjQolq",
            "md5":"25faa64208a31b20549bce63c911edb2",
            "sha1":"a2f97c3ad7eef0c496c29117882f45fbdf589303",
            "sha256":"6c4449d747a6ca45a0f143afa5116af9b7406134bd76ebfa4de705f5e7fd5098"
         },
         "registered":958668218,
         "dob":805755245,
         "phone":"(611)-357-1812",
         "cell":"(120)-028-3327",
         "id":{
            "name":"AVS",
            "value":"756.AHXG.KZFQ.72"
         },
         "picture":{
            "large":"https://randomuser.me/api/portraits/men/20.jpg",
            "medium":"https://randomuser.me/api/portraits/med/men/20.jpg",
            "thumbnail":"https://randomuser.me/api/portraits/thumb/men/20.jpg"
         },
         "nat":"CH"
      },
      {
         "gender":"female",
         "name":{
            "title":"ms",
            "first":"larissa",
            "last":"heß"
         },
         "location":{
            "street":"9282 blumenstraße",
            "city":"freising",
            "state":"rheinland-pfalz",
            "postcode":59117
         },
         "email":"larissa.heß@example.com",
         "login":{
            "username":"beautifulgoose913",
            "password":"2020",
            "salt":"yszZfxvM",
            "md5":"8dd67fc46cff48e2d9f18c4268c16a73",
            "sha1":"b845ce4424b247fff0ce5a3dbd7a1182204cd07f",
            "sha256":"e0233630e3a27cdf07796135ddcfccdfdbb2fc1d0510b10668c0d1eebec663df"
         },
         "registered":1184242070,
         "dob":218043864,
         "phone":"0030-7884049",
         "cell":"0176-0898052",
         "id":{
            "name":"",
            "value":null
         },
         "picture":{
            "large":"https://randomuser.me/api/portraits/women/3.jpg",
            "medium":"https://randomuser.me/api/portraits/med/women/3.jpg",
            "thumbnail":"https://randomuser.me/api/portraits/thumb/women/3.jpg"
         },
         "nat":"DE"
      },
      {
         "gender":"female",
         "name":{
            "title":"ms",
            "first":"allison",
            "last":"larson"
         },
         "location":{
            "street":"9495 dane st",
            "city":"fontana",
            "state":"minnesota",
            "postcode":52386
         },
         "email":"allison.larson@example.com",
         "login":{
            "username":"silverelephant579",
            "password":"clipper",
            "salt":"Cb2Fhrt7",
            "md5":"d7c32c12930c90c5ed0522bea73d0299",
            "sha1":"5dfcc0a37f0fe81f6d594bdb4fa2c3deecb2e797",
            "sha256":"f746c9b707b487c9d3cc023a97d4b3f0355ccf226c527e8aea5860da4d0f0742"
         },
         "registered":1120631800,
         "dob":168183267,
         "phone":"(665)-890-7139",
         "cell":"(222)-508-7811",
         "id":{
            "name":"SSN",
            "value":"819-96-1650"
         },
         "picture":{
            "large":"https://randomuser.me/api/portraits/women/88.jpg",
            "medium":"https://randomuser.me/api/portraits/med/women/88.jpg",
            "thumbnail":"https://randomuser.me/api/portraits/thumb/women/88.jpg"
         },
         "nat":"US"
      },
      {
         "gender":"female",
         "name":{
            "title":"miss",
            "first":"branca",
            "last":"novaes"
         },
         "location":{
            "street":"2746 rua primeiro de maio ",
            "city":"pinhais",
            "state":"ceará",
            "postcode":60929
         },
         "email":"branca.novaes@example.com",
         "login":{
            "username":"whitegoose439",
            "password":"research",
            "salt":"x6Vxg692",
            "md5":"547d313667f931ddb46cb3c8590cb75f",
            "sha1":"f64203cb1deed538c829e1623922300ea5302dd8",
            "sha256":"ec6cd5dc45ef51ed29b536dbb7b7cc2fd49753285928bb3b912dd6d5623bf309"
         },
         "registered":1045125381,
         "dob":1084130277,
         "phone":"(99) 5315-5323",
         "cell":"(34) 1831-5116",
         "id":{
            "name":"",
            "value":null
         },
         "picture":{
            "large":"https://randomuser.me/api/portraits/women/13.jpg",
            "medium":"https://randomuser.me/api/portraits/med/women/13.jpg",
            "thumbnail":"https://randomuser.me/api/portraits/thumb/women/13.jpg"
         },
         "nat":"BR"
      },
      {
         "gender":"male",
         "name":{
            "title":"mr",
            "first":"nils",
            "last":"könig"
         },
         "location":{
            "street":"3127 fliederweg",
            "city":"biberach",
            "state":"bayern",
            "postcode":14251
         },
         "email":"nils.könig@example.com",
         "login":{
            "username":"orangeswan342",
            "password":"292929",
            "salt":"ARSmwHrD",
            "md5":"72a618a224b61a8b46a52bb358367f25",
            "sha1":"bfd026a0b8b9f96c67f56b8b52a971cae09b24a4",
            "sha256":"a50ebbebe44885e2fce5e6d6a552d10741f4f78dcd43a57b0a2b7cf995e3200c"
         },
         "registered":1145385100,
         "dob":1416295299,
         "phone":"0507-6508783",
         "cell":"0175-9456040",
         "id":{
            "name":"",
            "value":null
         },
         "picture":{
            "large":"https://randomuser.me/api/portraits/men/56.jpg",
            "medium":"https://randomuser.me/api/portraits/med/men/56.jpg",
            "thumbnail":"https://randomuser.me/api/portraits/thumb/men/56.jpg"
         },
         "nat":"DE"
      },
      {
         "gender":"male",
         "name":{
            "title":"mr",
            "first":"julius",
            "last":"pulkkinen"
         },
         "location":{
            "street":"5946 aleksanterinkatu",
            "city":"eurajoki",
            "state":"kainuu",
            "postcode":61764
         },
         "email":"julius.pulkkinen@example.com",
         "login":{
            "username":"whitewolf553",
            "password":"mpegs",
            "salt":"EaEWX6pZ",
            "md5":"9bafd894c7be63ae3dc73eef1c206b85",
            "sha1":"f2708f1c5e1f6fffd6c0ba482869028f45b42e9e",
            "sha256":"308b487d6c3eced7b1d3838c5315289af4bd52fd7986bb27b7d43042329bf9f2"
         },
         "registered":1433843154,
         "dob":145737981,
         "phone":"02-452-256",
         "cell":"049-308-92-80",
         "id":{
            "name":"HETU",
            "value":"56846871-R"
         },
         "picture":{
            "large":"https://randomuser.me/api/portraits/men/58.jpg",
            "medium":"https://randomuser.me/api/portraits/med/men/58.jpg",
            "thumbnail":"https://randomuser.me/api/portraits/thumb/men/58.jpg"
         },
         "nat":"FI"
      }
   ],
   "info":{
      "seed":"534bc742d6d890b5",
      "results":40,
      "page":1,
      "version":"1.0"
   }
}